timestamp,regime,chiller_kwh_h,gas_smc_h,active_chiller_count,chiller_forecast_pred_kwh_h,gas_forecast_pred_smc_h
2024-12-02 00:00:00,heating,614.94,472.0,2,609.4066261996941,476.4456708765547
2024-12-02 01:00:00,heating,609.3399999999999,463.0,2,605.7898976913848,456.4960126648462
2024-12-02 02:00:00,heating,602.62,456.0,2,601.5687663101883,466.9792883698306
2024-12-02 03:00:00,heating,598.4899999999999,462.0,2,600.0062718568852,461.94171645987313
2024-12-02 04:00:00,heating,592.92,466.0,2,596.703466229103,464.1525815832764
2024-12-02 05:00:00,heating,600.21,467.0,2,604.440417700984,468.5326282897007
2024-12-02 06:00:00,heating,595.29,469.0,2,601.5608088015358,468.9945772259215
2024-12-02 07:00:00,heating,601.83,520.0,2,608.3829731191686,511.4445286178193
2024-12-02 08:00:00,heating,608.67,506.0,2,615.4575387092525,504.8351808165389
2024-12-02 09:00:00,heating,624.41,497.0,2,630.1229966900742,495.82988230076273
2024-12-02 10:00:00,heating,666.56,242.0,2,668.1630390914074,273.466346677799
2024-12-02 11:00:00,heating,685.22,279.0,2,685.7758123387869,281.22894474623666
2024-12-02 12:00:00,heating,688.74,623.0,2,690.6161390225707,581.1458964444778
2024-12-02 13:00:00,heating,700.17,256.0,2,701.3438397657136,304.1249325390334
2024-12-02 14:00:00,heating,702.5600000000001,236.0,2,704.9096067061707,243.2934088824853
2024-12-02 15:00:00,heating,676.85,303.0,2,683.3965424414823,282.4986393398485
2024-12-02 16:00:00,heating,650.29,331.0,2,657.7059844507967,341.51119177968417
2024-12-02 17:00:00,heating,626.48,363.0,2,633.3654574518075,371.5752128961707
2024-12-02 18:00:00,heating,625.73,420.0,2,628.7550150456702,398.7837705579771
2024-12-02 19:00:00,heating,615.39,458.0,2,615.4420838700137,452.70341560475913
2024-12-02 20:00:00,heating,613.6899999999999,496.0,2,609.3044596254081,490.4571639696257
2024-12-02 21:00:00,heating,610.2099999999999,794.0,2,603.3650971708141,751.5901932185384
2024-12-02 22:00:00,heating,600.7,713.0,2,594.0909401075296,713.0384060899171
2024-12-02 23:00:00,heating,603.4399999999999,449.0,2,596.5855926734512,480.5423865532548
2024-12-03 00:00:00,heating,598.8899999999999,300.0,2,592.4950050971083,317.561081713704
2024-12-03 01:00:00,heating,585.14,371.0,2,582.2183578840675,373.6797851917522
2024-12-03 02:00:00,heating,574.64,432.0,2,574.4199494666823,445.3750365137141
2024-12-03 03:00:00,heating,568.1100000000001,434.0,2,570.3374338277636,436.3394663571343
2024-12-03 04:00:00,heating,556.7600000000001,444.0,2,562.536969039134,432.3358383225093
2024-12-03 05:00:00,heating,546.16,456.0,2,554.251917051766,447.8401622499916
2024-12-03 06:00:00,heating,529.83,473.0,2,540.5630623513694,472.7611131584906
2024-12-03 07:00:00,heating,528.32,541.0,2,539.5370868418877,532.6316226240265
2024-12-03 08:00:00,heating,550.8399999999999,577.0,2,558.8358281824876,568.2811249808625
2024-12-03 09:00:00,heating,573.1700000000001,591.0,2,578.4309838322256,584.4729848933916
2024-12-03 10:00:00,heating,598.65,594.0,2,601.1367502894625,585.4963166913964
2024-12-03 11:00:00,heating,612.61,556.0,2,614.244928972892,554.9490153927135
2024-12-03 12:00:00,heating,637.4700000000001,509.0,2,637.5140866196709,515.7116542059889
2024-12-03 13:00:00,heating,675.4599999999999,733.0,2,672.3528446338994,700.4135948928683
2024-12-03 14:00:00,heating,710.2,473.0,2,704.2163877032203,498.3949301808297
2024-12-03 15:00:00,heating,730.15,384.0,2,722.9045289309244,400.42664255937166
2024-12-03 16:00:00,heating,704.9999999999999,413.0,2,702.5062374287203,403.5254803711797
2024-12-03 17:00:00,heating,679.83,464.0,2,681.193016320499,465.0104028109912
2024-12-03 18:00:00,heating,663.91,485.0,2,666.6024862749912,492.39394725954105
2024-12-03 19:00:00,heating,648.0699999999999,505.0,2,650.5111528848981,494.81134869552704
2024-12-03 20:00:00,heating,939.89,627.0,3,920.1777013233688,605.7549270682703
2024-12-03 21:00:00,heating,997.56,507.0,3,967.5755056395572,523.6778738757819
2024-12-03 22:00:00,heating,968.05,438.0,3,946.3586993408268,453.047373490814
2024-12-03 23:00:00,heating,942.73,630.0,3,928.4239220912204,604.616777085439
2024-12-04 00:00:00,heating,954.08,574.0,3,942.975272192738,581.293782018825
2024-12-04 01:00:00,heating,957.95,549.0,3,955.2635390656526,557.5787832777105
2024-12-04 02:00:00,heating,969.2,533.0,3,963.0800492334288,525.5021111887506
2024-12-04 03:00:00,heating,971.94,518.0,3,964.4318963091912,520.3257799371852
2024-12-04 04:00:00,heating,967.15,522.0,3,962.9135969301911,529.5964902129326
2024-12-04 05:00:00,heating,970.87,514.0,3,969.4247358870072,514.2811693786714
2024-12-04 06:00:00,heating,964.11,520.0,3,965.7749571876908,519.4565045335
2024-12-04 07:00:00,heating,970.77,528.0,3,973.102316205627,527.1191411471232
2024-12-04 08:00:00,heating,980.11,540.0,3,982.1743958987088,538.5779374118423
2024-12-04 09:00:00,heating,1000.72,527.0,3,1001.0530558851588,528.4624577486106
2024-12-04 10:00:00,heating,1030.36,462.0,3,1028.503325368287,468.7408018967136
2024-12-04 11:00:00,heating,1043.27,269.0,3,1041.41963000113,295.95747773710013
2024-12-04 12:00:00,heating,1070.98,392.0,3,1066.9634176708516,384.56300902309226
2024-12-04 13:00:00,heating,1071.16,324.0,3,1069.215763395156,337.47668386979075
2024-12-04 14:00:00,heating,1075.2199999999998,292.0,3,1074.1493084067629,303.91514358483346
2024-12-04 15:00:00,heating,1087.89,323.0,3,1085.0892610963278,315.1680413171876
2024-12-04 16:00:00,heating,1057.9899999999998,330.0,3,1058.941019252197,326.3744744498514
2024-12-04 17:00:00,heating,1029.13,441.0,3,1032.3083062350438,432.776107447067
2024-12-04 18:00:00,heating,1024.19,431.0,3,1024.1262842788076,427.85335685630577
2024-12-04 19:00:00,heating,1028.5200000000002,476.0,3,1025.1238747078014,469.02879599375433
2024-12-04 20:00:00,heating,1031.54,461.0,3,1024.795398560747,461.1071328333337
2024-12-04 21:00:00,heating,1010.72,477.0,3,1003.5382049654696,478.1288855669745
2024-12-04 22:00:00,heating,986.03,407.0,3,980.4829377660648,420.43674291123807
2024-12-04 23:00:00,heating,982.1199999999998,415.0,3,976.6521424502612,417.8954704933384
2024-12-05 00:00:00,heating,973.35,459.0,3,969.1644549308576,455.2049591251327
2024-12-05 01:00:00,heating,962.64,434.0,3,959.89983248731,438.58423982381015
2024-12-05 02:00:00,heating,970.6899999999998,454.0,3,966.0959667130672,452.0366236163419
2024-12-05 03:00:00,heating,972.81,437.0,3,969.190444758364,435.00104146352544
2024-12-05 04:00:00,heating,977.07,434.0,3,975.4143486755928,435.2984080871025
2024-12-05 05:00:00,heating,981.89,449.0,3,981.5684351910196,447.271064251548
2024-12-05 06:00:00,heating,971.89,430.0,3,975.4145440127726,430.9558609239714
2024-12-05 07:00:00,heating,983.01,485.0,3,987.1848343723271,477.6603854971401
2024-12-05 08:00:00,heating,1002.0399999999998,480.0,3,1005.205419984419,476.9758027930806
2024-12-05 09:00:00,heating,1014.7999999999998,497.0,3,1018.2534660079278,492.7133934518139
2024-12-05 10:00:00,heating,1005.1,509.0,3,1011.29611737553,502.5233598788337
2024-12-05 11:00:00,heating,1017.34,462.0,3,1021.600059861534,462.6486021106063
2024-12-05 12:00:00,heating,1028.04,373.0,3,1031.6792690554048,384.0068730011151
2024-12-05 13:00:00,heating,1039.12,561.0,3,1041.2090334230045,536.1787695834175
2024-12-05 14:00:00,heating,1039.0800000000002,502.0,3,1039.822310408155,504.62155503370445
2024-12-05 15:00:00,heating,1014.67,514.0,3,1017.0812324053352,511.1667270858264
2024-12-05 16:00:00,heating,1022.48,524.0,3,1021.5372252958906,511.182166078602
2024-12-05 17:00:00,heating,998.75,529.0,3,998.9301410417268,524.7231961563575
2024-12-05 18:00:00,heating,981.35,556.0,3,980.947641932554,555.9592098306548
2024-12-05 19:00:00,heating,981.73,546.0,3,976.858454905032,542.9644937416813
2024-12-05 20:00:00,heating,993.58,561.0,3,984.9722752208866,558.7431913629597
2024-12-05 21:00:00,heating,984.11,570.0,3,976.1463619757186,567.0068714759163
2024-12-05 22:00:00,heating,978.12,557.0,3,968.8511417324164,557.170272186658
2024-12-05 23:00:00,heating,972.51,541.0,3,963.9182747192424,543.7459033625609
2024-12-06 00:00:00,heating,960.68,551.0,3,955.812739584097,549.9019917178482
2024-12-06 01:00:00,heating,933.98,527.0,3,934.046524337248,531.4689107421933
2024-12-06 02:00:00,heating,932.5399999999998,530.0,3,932.677866738148,531.5148885884919
2024-12-06 03:00:00,heating,936.89,509.0,3,937.4183948662532,511.7010458478024
2024-12-06 04:00:00,heating,935.53,522.0,3,937.473154354936,521.5590758716062
2024-12-06 05:00:00,heating,934.22,532.0,3,937.2873499315996,531.1740317715262
2024-12-06 06:00:00,heating,702.59,543.0,3,740.8556483291793,540.9996469832064
2024-12-06 07:00:00,heating,559.97,555.0,2,588.1868915754446,552.5828226980667
2024-12-06 08:00:00,heating,572.18,563.0,2,595.9588851228468,559.951881675014
2024-12-06 09:00:00,heating,584.87,563.0,2,603.1583378710638,561.8739414587483
2024-12-06 10:00:00,heating,600.08,555.0,2,606.8711735585921,554.4820536559291
2024-12-06 11:00:00,heating,609.15,525.0,2,606.2331111913662,526.295084047364
2024-12-06 12:00:00,heating,619.03,513.0,2,621.0997122636428,513.3931507125637
2024-12-06 13:00:00,heating,635.8499999999999,532.0,2,638.2300183717598,529.4354645810163
2024-12-06 14:00:00,heating,705.3299999999999,476.0,2,698.3054835339758,482.7001367157069
2024-12-06 15:00:00,heating,703.72,399.0,2,699.3249853253261,410.32047841265313
2024-12-06 16:00:00,heating,688.3,437.0,2,687.2560334944653,433.50255492283645
2024-12-06 17:00:00,heating,629.26,412.0,2,636.9444038453398,418.980899111505
2024-12-06 18:00:00,heating,606.4300000000001,401.0,2,617.3087921656083,408.859585532976
2024-12-06 19:00:00,heating,595.36,456.0,2,604.4958585028488,449.2288465227099
2024-12-06 20:00:00,heating,590.42,447.0,2,593.8216134606471,448.341802746721
2024-12-06 21:00:00,heating,578.91,445.0,2,578.2106611570105,449.6294995195968
2024-12-06 22:00:00,heating,579.5900000000001,473.0,2,573.8020727599619,468.9345146516888
2024-12-06 23:00:00,heating,578.59,410.0,2,572.1218935721349,419.8587269261499
2024-12-07 00:00:00,heating,577.3399999999999,494.0,2,569.9915548624534,487.9146049766472
2024-12-07 01:00:00,heating,576.1,479.0,2,569.3552017297477,479.5149438869418
2024-12-07 02:00:00,heating,577.29,473.0,2,571.4459322743521,476.1962925726613
2024-12-07 03:00:00,heating,577.4899999999999,481.0,2,574.1486379212043,478.3274121206101
2024-12-07 04:00:00,heating,579.1,472.0,2,577.8700415632682,471.2677774668085
2024-12-07 05:00:00,heating,580.6699999999998,467.0,2,581.6209637606755,470.4042170433152
2024-12-07 06:00:00,heating,576.9599999999999,396.0,2,579.6659549475912,404.46533703870665
2024-12-07 07:00:00,heating,573.75,490.0,2,579.629840472559,479.0849652631779
2024-12-07 08:00:00,heating,576.33,416.0,2,583.2217015553565,424.1930127686247
2024-12-07 09:00:00,heating,584.6300000000001,479.0,2,591.3272863073908,472.61690353775737
2024-12-07 10:00:00,heating,596.4300000000001,394.0,2,601.8048830825865,400.105851192075
2024-12-07 11:00:00,heating,600.63,405.0,2,605.5064528664702,403.6353062163632
2024-12-07 12:00:00,heating,605.27,345.0,2,609.3717510156421,352.92684811307026
2024-12-07 13:00:00,heating,609.97,416.0,2,613.1919527308187,408.2940602046833
2024-12-07 14:00:00,heating,614.74,340.0,2,616.8978640571336,350.2124129310766
2024-12-07 15:00:00,heating,607.28,410.0,2,609.1725037208107,400.18267468972186
2024-12-07 16:00:00,heating,596.9100000000001,332.0,2,598.1162698934793,339.36764329858227
2024-12-07 17:00:00,heating,580.49,359.0,2,581.4338596939588,357.5275682870114
2024-12-07 18:00:00,heating,563.2099999999999,456.0,2,563.9092460611596,443.5685220493671
2024-12-07 19:00:00,heating,540.03,380.0,2,541.0093979453079,388.4297165436426
2024-12-07 20:00:00,heating,522.83,470.0,2,522.6748883270618,460.7790140796539
2024-12-07 21:00:00,heating,490.51,395.0,2,491.7648320123168,398.3735064443604
2024-12-07 22:00:00,heating,427.9,482.0,1,409.6861746400872,475.4885433098142
2024-12-07 23:00:00,heating,429.46,425.0,1,414.0496663730759,431.5239892802076
2024-12-08 00:00:00,heating,428.07,482.0,1,414.7747528850598,475.8623007009044
2024-12-08 01:00:00,heating,427.19,440.0,1,414.9305136867376,445.333472780628
2024-12-08 02:00:00,heating,429.52,455.0,1,421.622404435241,453.2091585471758
2024-12-08 03:00:00,heating,428.6,436.0,1,427.7332932270335,439.7021255226907
2024-12-08 04:00:00,heating,430.75,433.0,1,431.6843260116791,433.2776043411472
2024-12-08 05:00:00,heating,510.26,445.0,2,526.9870879408722,444.8882282906901
2024-12-08 06:00:00,heating,712.87,428.0,2,696.3729272449857,428.5052113861146
2024-12-08 07:00:00,heating,671.03,416.0,2,667.1672918120094,418.3352121082167
2024-12-08 08:00:00,heating,657.1700000000001,400.0,2,659.9696321464843,400.9506580433433
2024-12-08 09:00:00,heating,655.1999999999998,432.0,2,658.5387680717339,428.42807346647385
2024-12-08 10:00:00,heating,647.71,423.0,2,655.1763439681295,423.2839922111416
2024-12-08 11:00:00,heating,634.77,418.0,2,650.0043594239917,417.2117938670377
2024-12-08 12:00:00,heating,637.03,410.0,2,643.636913628452,408.10580508254753
2024-12-08 13:00:00,heating,642.0400000000001,411.0,2,646.0215579907962,410.1125216916925
2024-12-08 14:00:00,heating,649.0099999999999,406.0,2,650.1022893300491,406.6050316096088
2024-12-08 15:00:00,heating,621.8199999999999,405.0,2,624.289856379002,404.2288878545509
2024-12-08 16:00:00,heating,591.6999999999999,405.0,2,595.2636419297228,403.9427729439153
2024-12-08 17:00:00,heating,580.37,406.0,2,582.8196018352908,405.32917909146806
2024-12-08 18:00:00,heating,575.9399999999999,402.0,2,574.7187656399639,403.115518387084
2024-12-08 19:00:00,heating,573.06,407.0,2,569.2295416730402,406.9098065170623
2024-12-08 20:00:00,heating,557.6800000000001,422.0,2,552.3216452176997,421.3111956153873
2024-12-08 21:00:00,heating,563.86,413.0,2,555.3132082297703,414.9680441134162
2024-12-08 22:00:00,heating,568.48,424.0,2,560.3639532691589,424.4039579653571
2024-12-08 23:00:00,heating,565.1500000000001,436.0,2,558.2875848048909,434.5902418874591
2024-12-09 00:00:00,heating,560.48,425.0,2,556.7379815132713,429.13540306396897
2024-12-09 01:00:00,heating,558.0400000000001,428.0,2,555.880043066903,429.924765571092
2024-12-09 02:00:00,heating,561.92,419.0,2,561.8182684563233,421.5465513518055
2024-12-09 03:00:00,heating,561.27,432.0,2,563.6364278873989,432.9126856831928
2024-12-09 04:00:00,heating,563.8900000000001,431.0,2,567.9044532657497,432.5345316360721
2024-12-09 05:00:00,heating,561.67,430.0,2,567.1978112430074,430.9931336822304
2024-12-09 06:00:00,heating,560.5899999999999,457.0,2,569.0942539757634,453.0053223776289
2024-12-09 07:00:00,heating,581.62,553.0,2,588.330625867263,538.7280909045817
2024-12-09 08:00:00,heating,591.01,537.0,2,597.9657532216954,534.7290143682482
2024-12-09 09:00:00,heating,593.1099999999999,522.0,2,601.1177292049517,520.1340347954622
2024-12-09 10:00:00,heating,602.4399999999999,511.0,2,609.6004132146047,506.559450511101
2024-12-09 11:00:00,heating,606.22,498.0,2,613.7038949820974,498.73907178507415
2024-12-09 12:00:00,heating,603.94,490.0,2,612.4622870316007,492.2295812080525
2024-12-09 13:00:00,heating,612.9,477.0,2,618.8200885250214,476.8497992689341
2024-12-09 14:00:00,heating,616.61,480.0,2,620.6187125308841,477.7658047000726
2024-12-09 15:00:00,heating,619.9000000000001,447.0,2,621.8894592627439,450.2223173470174
2024-12-09 16:00:00,heating,620.0099999999999,452.0,2,619.7889247965338,451.0613267529371
2024-12-09 17:00:00,heating,616.42,435.0,2,614.7676518338139,436.8667824648227
2024-12-09 18:00:00,heating,609.9499999999999,448.0,2,607.635971418355,448.2509947295927
2024-12-09 19:00:00,heating,593.6399999999999,450.0,2,591.5945727477367,450.421854074619
2024-12-09 20:00:00,heating,587.73,446.0,2,584.3948563670763,447.7403138136135
2024-12-09 21:00:00,heating,587.0400000000001,459.0,2,581.9731883431089,458.59053750447816
2024-12-09 22:00:00,heating,585.62,418.0,2,579.3583791378815,425.0701872950572
2024-12-09 23:00:00,heating,568.8000000000002,409.0,2,564.3256705990607,414.2716607070147
2024-12-10 00:00:00,heating,559.97,423.0,2,555.4091816415071,424.3620618870892
2024-12-10 01:00:00,heating,543.68,429.0,2,542.1833861114094,431.9237413816455
2024-12-10 02:00:00,heating,525.59,437.0,2,527.5234953154875,438.8593016189144
2024-12-10 03:00:00,heating,520.22,451.0,2,523.0617772039232,449.0236987344945
2024-12-10 04:00:00,heating,518.49,442.0,2,521.8130305050834,443.7957767327436
2024-12-10 05:00:00,heating,526.22,445.0,2,529.7361522325111,446.0676014190712
2024-12-10 06:00:00,heating,524.51,454.0,2,530.1591090566437,453.42787663738966
2024-12-10 07:00:00,heating,530.8100000000001,514.0,2,536.8512938413273,507.03721373634784
2024-12-10 08:00:00,heating,559.1800000000001,516.0,2,562.8608770972241,514.0190741974852
2024-12-10 09:00:00,heating,594.1700000000001,495.0,2,595.107301311569,495.4020226844169
2024-12-10 10:00:00,heating,613.07,440.0,2,614.0421153498532,444.5375507554384
2024-12-10 11:00:00,heating,614.5,371.0,2,617.3026522126215,381.2357838877009
2024-12-10 12:00:00,heating,621.2,396.0,2,624.981380361517,397.55942450904826
2024-12-10 13:00:00,heating,631.4300000000001,417.0,2,635.6140120049577,416.4675774783867
2024-12-10 14:00:00,heating,639.71,412.0,2,643.0938553046276,413.81461766598
2024-12-10 15:00:00,heating,641.03,409.0,2,642.6111751999124,406.6523893800655
2024-12-10 16:00:00,heating,640.84,411.0,2,640.17468077386,408.0701181342839
2024-12-10 17:00:00,heating,626.74,423.0,2,626.3588533072216,422.6942651977244
2024-12-10 18:00:00,heating,613.93,422.0,2,613.1681895312513,423.2070913778063
2024-12-10 19:00:00,heating,599.0600000000002,446.0,2,597.6394343919155,443.2071155838257
2024-12-10 20:00:00,heating,578.2200000000001,456.0,2,576.7683145780038,454.36414145455234
2024-12-10 21:00:00,heating,572.52,440.0,2,568.8086274312993,442.5889559415341
2024-12-10 22:00:00,heating,561.92,461.0,2,557.2571062401266,458.682595078089
2024-12-10 23:00:00,heating,549.77,449.0,2,545.4039325325809,450.56056680422455
2024-12-11 00:00:00,heating,542.4,472.0,2,537.1310084015308,470.67548914220646
2024-12-11 01:00:00,heating,538.05,473.0,2,533.289216621678,472.2353762390337
2024-12-11 02:00:00,heating,530.5799999999999,468.0,2,528.0866165188768,468.2304158772764
2024-12-11 03:00:00,heating,529.3299999999999,471.0,2,528.0793339844602,470.4892528974703
2024-12-11 04:00:00,heating,529.33,464.0,2,529.7527404705927,464.0301633768856
2024-12-11 05:00:00,heating,527.15,476.0,2,530.1196927318917,474.7393044019776
2024-12-11 06:00:00,heating,513.14,449.0,2,520.1171878368966,451.58762829054257
2024-12-11 07:00:00,heating,514.58,704.0,2,522.6751124709135,669.5013556276447
2024-12-11 08:00:00,heating,532.2700000000001,590.0,2,539.1855518007694,596.1668397235928
2024-12-11 09:00:00,heating,569.71,516.0,2,572.4304959529709,523.1036773264706
2024-12-11 10:00:00,heating,612.45,553.0,2,610.4035132176402,538.857417207763
2024-12-11 11:00:00,heating,671.85,520.0,2,663.1386408954763,523.4750270149698
2024-12-11 12:00:00,heating,728.5500000000001,497.0,2,715.705181486174,508.5625798298495
2024-12-11 13:00:00,heating,976.15,445.0,3,957.5577734922738,445.775831597523
2024-12-11 14:00:00,heating,1112.65,391.0,3,1079.3109133410442,397.5586643872281
2024-12-11 15:00:00,heating,1045.06,390.0,3,1031.811062161868,394.16104329032703
2024-12-11 16:00:00,heating,1025.71,417.0,3,1021.0370880222212,415.6489526309391
2024-12-11 17:00:00,heating,998.72,431.0,3,1000.7433888544128,430.8325566008625
2024-12-11 18:00:00,heating,992.57,429.0,3,998.4277448448966,428.3789138940184
2024-12-11 19:00:00,heating,969.84,442.0,3,974.1381202949536,439.2868462810045
2024-12-11 20:00:00,heating,958.8,455.0,3,953.855256710917,454.2917700237375
2024-12-11 21:00:00,heating,945.08,455.0,3,938.24203321907,457.3049040138525
2024-12-11 22:00:00,heating,911.96,459.0,3,906.3813632683904,460.05946618458427
2024-12-11 23:00:00,heating,588.76,485.0,3,627.7999062775057,482.3084467221352
2024-12-12 00:00:00,heating,573.15,470.0,2,575.5190793897572,472.9997633362911
2024-12-12 01:00:00,heating,581.16,476.0,2,580.6780158055965,476.6472736915264
2024-12-12 02:00:00,heating,579.23,484.0,2,576.3468595059041,482.836671815556
2024-12-12 03:00:00,heating,577.62,484.0,2,566.005712403713,484.9884821324079
2024-12-12 04:00:00,heating,572.0100000000001,484.0,2,557.3288821946187,484.7388368778449
2024-12-12 05:00:00,heating,566.9799999999999,484.0,2,569.2800562967227,483.1545731900609
2024-12-12 06:00:00,heating,548.95,491.0,2,556.0836585395796,489.6851400040073
2024-12-12 07:00:00,heating,552.87,536.0,2,561.4434485429394,531.0721860186698
2024-12-12 08:00:00,heating,566.53,538.0,2,575.1616991219041,535.786935064306
2024-12-12 09:00:00,heating,580.63,486.0,2,589.3079899668423,490.3175477699086
2024-12-12 10:00:00,heating,602.79,482.0,2,609.9509415961159,480.303962874647
2024-12-12 11:00:00,heating,624.84,447.0,2,631.0788967702977,450.1589182925934
2024-12-12 12:00:00,heating,668.8100000000001,450.0,2,668.7332944620409,451.8306270549399
2024-12-12 13:00:00,heating,717.12,408.0,2,711.5971986621191,412.44167083861953
2024-12-12 14:00:00,heating,721.5200000000001,315.0,2,718.1856481928438,326.8882908487909
2024-12-12 15:00:00,heating,696.5699999999999,294.0,2,697.8444626473431,299.6738598864292
2024-12-12 16:00:00,heating,658.95,398.0,2,665.3928533364243,387.175023087568
2024-12-12 17:00:00,heating,640.6800000000001,508.0,2,648.2483138714782,495.1481789267602
2024-12-12 18:00:00,heating,632.3799999999999,494.0,2,637.3942803603661,491.1904560900538
2024-12-12 19:00:00,heating,623.57,494.0,2,623.5400598616989,485.8977323449356
2024-12-12 20:00:00,heating,617.49,441.0,2,612.2392128942491,443.4225016457799
2024-12-12 21:00:00,heating,614.0900000000001,493.0,2,605.0891059345722,491.1975821719832
2024-12-12 22:00:00,heating,601.71,495.0,2,592.5873162060338,497.8942950096936
2024-12-12 23:00:00,heating,590.03,487.0,2,580.439901677411,489.1252616719564
2024-12-13 00:00:00,heating,587.08,479.0,2,579.5101078145017,478.8574217989327
2024-12-13 01:00:00,heating,581.7400000000001,501.0,2,575.6838011404041,496.83306847672895
2024-12-13 02:00:00,heating,581.12,484.0,2,576.4160670119988,487.95325856016746
2024-12-13 03:00:00,heating,576.24,497.0,2,573.7614719279411,495.6852640306012
2024-12-13 04:00:00,heating,572.11,496.0,2,572.2713633899291,494.5504820863102
2024-12-13 05:00:00,heating,565.7,506.0,2,568.8518634394607,504.1889724953022
2024-12-13 06:00:00,heating,567.24,493.0,2,571.6254700914626,493.5828437543625
2024-12-13 07:00:00,heating,574.02,579.0,2,579.006181705276,567.3214105181195
2024-12-13 08:00:00,heating,591.3399999999999,572.0,2,595.1241231367578,569.5302436211443
2024-12-13 09:00:00,heating,610.92,577.0,2,613.4210377215261,572.9282457881059
2024-12-13 10:00:00,heating,638.1600000000002,525.0,2,638.4576274085359,526.2722578385485
2024-12-13 11:00:00,heating,667.45,516.0,2,665.8262015611801,515.1398926914119
2024-12-13 12:00:00,heating,713.26,490.0,2,707.5302732913678,494.3509196137476
2024-12-13 13:00:00,heating,718.23,357.0,2,715.8809129647475,375.1373547482036
2024-12-13 14:00:00,heating,706.02,331.0,2,707.7508611116893,337.2736873000844
2024-12-13 15:00:00,heating,690.13,358.0,2,694.2196858763756,355.70641764362153
2024-12-13 16:00:00,heating,670.56,386.0,2,676.6908543434961,387.89787642280487
2024-12-13 17:00:00,heating,645.5,441.0,2,652.8629341254991,435.1630529081921
2024-12-13 18:00:00,heating,635.41,490.0,2,638.8083946498996,478.0168504273561
2024-12-13 19:00:00,heating,618.7499999999999,385.0,2,619.6088870096837,396.9236768626241
2024-12-13 20:00:00,heating,619.04,456.0,2,615.5043352188402,448.9460030326034
2024-12-13 21:00:00,heating,623.5,371.0,2,616.0152500562635,383.2335192619445
2024-12-13 22:00:00,heating,624.23,416.0,2,614.8851168966689,419.4605179806156
2024-12-13 23:00:00,heating,627.44,406.0,2,616.2417445320327,409.24507005937886
2024-12-14 00:00:00,heating,620.74,370.0,2,610.2686960866884,376.5797812965855
2024-12-14 01:00:00,heating,619.1600000000001,420.0,2,611.2854777042971,417.675790120529
2024-12-14 02:00:00,heating,620.9999999999999,351.0,2,615.2638265416849,359.2820338190213
2024-12-14 03:00:00,heating,625.24,401.0,2,621.3602688538526,400.5224676693034
2024-12-14 04:00:00,heating,670.91,367.0,2,662.8456057076614,370.9959922749016
2024-12-14 05:00:00,heating,735.59,381.0,2,721.7390647197333,382.35510426489634
2024-12-14 06:00:00,heating,680.2100000000002,322.0,3,705.6441055857048,331.3866865719084
2024-12-14 07:00:00,heating,1201.8,401.0,4,1171.3058102183525,392.616018307428
2024-12-14 08:00:00,heating,799.7099999999999,322.0,4,838.7930486620024,334.0198668343768
2024-12-14 09:00:00,heating,731.12,322.0,3,753.4237597280103,325.06989766062094
2024-12-14 10:00:00,heating,735.17,315.0,3,752.6937364093299,315.1173733900582
2024-12-14 11:00:00,heating,737.71,305.0,3,753.758402947303,307.56295786987414
2024-12-14 12:00:00,heating,757.68,269.0,3,772.7776551110792,277.0224921289663
2024-12-14 13:00:00,heating,766.72,235.0,3,756.9355405259693,237.68960773477363
2024-12-14 14:00:00,heating,769.63,220.0,3,770.2066427950753,222.9825533282421
2024-12-14 15:00:00,heating,746.83,217.0,3,749.5875209212046,219.27538794166912
2024-12-14 16:00:00,heating,721.71,234.0,3,726.169877698292,234.1648987229287
2024-12-14 17:00:00,heating,693.3900000000001,261.0,3,699.7547594480664,258.848890155459
2024-12-14 18:00:00,heating,685.1500000000001,269.0,3,690.498370135002,268.60437883189456
2024-12-14 19:00:00,heating,680.42,265.0,3,681.6323544409943,265.6589965883376
2024-12-14 20:00:00,heating,671.23,296.0,3,671.9023528978059,292.5312365480515
2024-12-14 21:00:00,heating,632.49,358.0,3,634.2980102663175,350.2439762912058
2024-12-14 22:00:00,heating,567.29,395.0,2,550.3826182270604,389.7995261125763
2024-12-14 23:00:00,heating,566.53,396.0,2,553.8598495062936,393.15962129613047
2024-12-15 00:00:00,heating,564.7,385.0,2,554.6153042177117,382.9899191959764
2024-12-15 01:00:00,heating,553.4200000000001,379.0,2,545.3722133218604,379.3961348696138
2024-12-15 02:00:00,heating,549.32,381.0,2,545.4528433448633,381.9513214947866
2024-12-15 03:00:00,heating,538.65,390.0,2,542.4804030824782,389.6885972778015
2024-12-15 04:00:00,heating,533.88,397.0,2,539.6193548698151,394.78953275913534
2024-12-15 05:00:00,heating,532.48,399.0,2,539.3273920660596,396.5888003191785
2024-12-15 06:00:00,heating,531.9799999999999,400.0,2,537.8762840891238,396.95548130835607
2024-12-15 07:00:00,heating,531.99,391.0,2,539.2246393092413,390.65295327195736
2024-12-15 08:00:00,heating,530.93,404.0,2,536.7657960604822,400.6027838616768
2024-12-15 09:00:00,heating,537.39,398.0,2,543.8774647234211,396.686622180117
2024-12-15 10:00:00,heating,571.7900000000001,386.0,2,572.4035224595989,385.5938004389433
2024-12-15 11:00:00,heating,588.84,367.0,2,588.1433064118548,367.23364233448393
2024-12-15 12:00:00,heating,607.83,247.0,2,605.4299771971662,261.8565852505064
2024-12-15 13:00:00,heating,616.14,281.0,2,613.352756839181,278.87549331020995
2024-12-15 14:00:00,heating,620.4800000000001,255.0,2,618.1604103645438,258.55462040597365
2024-12-15 15:00:00,heating,600.5600000000001,358.0,2,601.8034229737051,347.9114457650652
2024-12-15 16:00:00,heating,588.6600000000001,309.0,2,589.6399408190841,311.47223911696506
2024-12-15 17:00:00,heating,580.37,355.0,2,580.0168852254828,346.4122349986784
2024-12-15 18:00:00,heating,573.39,366.0,2,570.9897736759746,362.4554405418115
2024-12-15 19:00:00,heating,568.9,368.0,2,563.7010049660918,368.1604198002825
2024-12-15 20:00:00,heating,565.21,374.0,2,557.1533645870711,376.14333786133767
2024-12-15 21:00:00,heating,564.6999999999999,376.0,2,554.8828229553419,374.8898412714474
2024-12-15 22:00:00,heating,567.5,377.0,2,557.3736998664524,380.2131378048199
2024-12-15 23:00:00,heating,563.3000000000001,386.0,2,553.8636541315923,386.8443256935217
2024-12-16 00:00:00,heating,549.7,395.0,2,544.6734170506966,395.6922741682802
2024-12-16 01:00:00,heating,533.88,402.0,2,532.11493471206,403.12475776939846
2024-12-16 02:00:00,heating,531.1699999999998,404.0,2,530.9901110720966,404.6800232612027
2024-12-16 03:00:00,heating,519.3900000000001,413.0,2,522.4327362659919,412.9522538475113
2024-12-16 04:00:00,heating,465.53,415.0,2,477.43328117539824,415.49153473261526
2024-12-16 05:00:00,heating,431.55,417.0,1,422.2909742828946,417.47621280128425
2024-12-16 06:00:00,heating,430.62,428.0,1,427.2272434052557,426.1950131296402
2024-12-16 07:00:00,heating,429.76,428.0,1,432.0253449769531,427.53320861338847
2024-12-16 08:00:00,heating,430.89,432.0,1,431.5793768979986,430.5828790723823
2024-12-16 09:00:00,heating,433.35,433.0,1,437.1140059685039,431.0685758522069
2024-12-16 10:00:00,heating,611.6,418.0,2,620.9798471110562,418.321057737156
2024-12-16 11:00:00,heating,658.2,442.0,2,658.5683156528389,437.3883722893637
2024-12-16 12:00:00,heating,622.1500000000001,436.0,2,629.7549268900891,433.23605987072506
2024-12-16 13:00:00,heating,618.48,436.0,2,626.8492835842014,433.6373153338014
2024-12-16 14:00:00,heating,620.1500000000001,467.0,2,627.4114688462415,459.0365802897606
2024-12-16 15:00:00,heating,610.72,466.0,2,619.2541851806907,462.7974515148992
2024-12-16 16:00:00,heating,604.6,469.0,2,609.51298226688,466.6861553833444
2024-12-16 17:00:00,heating,596.41,490.0,2,595.5485417105083,484.1438340108221
2024-12-16 18:00:00,heating,580.0899999999999,491.0,2,579.6388776580866,488.9385656412005
2024-12-16 19:00:00,heating,580.65,493.0,2,577.3214914373661,492.2000034256454
2024-12-16 20:00:00,heating,570.9299999999998,488.0,2,566.5201860116802,487.17661058302906
2024-12-16 21:00:00,heating,581.62,502.0,2,573.7416616866944,500.3162894776931
2024-12-16 22:00:00,heating,562.64,464.0,2,557.0328653826232,470.0736766135018
2024-12-16 23:00:00,heating,545.6899999999999,467.0,2,541.9631784304679,468.7688778782186
2024-12-17 00:00:00,heating,535.1999999999999,473.0,2,532.5938172713625,473.30986766624767
2024-12-17 01:00:00,heating,536.1400000000001,471.0,2,533.7740812905179,473.50503648998495
2024-12-17 02:00:00,heating,532.4399999999999,476.0,2,531.9000255740987,476.8838929938852
2024-12-17 03:00:00,heating,493.13,473.0,2,498.5864644763113,472.9440689357891
2024-12-17 04:00:00,heating,438.88,483.0,1,427.0495744287642,482.7312860447829
2024-12-17 05:00:00,heating,437.31,473.0,1,433.44586934116114,474.76328198997857
2024-12-17 06:00:00,heating,426.89,517.0,1,428.2907226282285,511.5048374812383
2024-12-17 07:00:00,heating,435.05,591.0,1,435.7839662694117,579.1298129869749
2024-12-17 08:00:00,heating,433.73,590.0,1,438.3013828919169,586.270001272295
2024-12-17 09:00:00,heating,460.66,558.0,2,492.0720011447774,557.8290819998222
2024-12-17 10:00:00,heating,569.59,572.0,2,577.5141234617711,565.1258780329686
2024-12-17 11:00:00,heating,738.3000000000001,553.0,2,721.5788821267673,554.2839608746397
2024-12-17 12:00:00,heating,750.29,528.0,2,738.316477625741,531.9767474303833
2024-12-17 13:00:00,heating,754.0399999999998,497.0,2,741.8855168989455,498.9906053340495
2024-12-17 14:00:00,heating,762.84,447.0,2,750.7850440434319,452.76695638037216
2024-12-17 15:00:00,heating,764.81,433.0,2,763.6328510756302,437.8792213235348
2024-12-17 16:00:00,heating,731.5999999999999,392.0,2,737.5580632330978,399.6370805425088
2024-12-17 17:00:00,heating,646.43,454.0,2,658.7544837117073,449.6277741233076
2024-12-17 18:00:00,heating,599.5100000000001,547.0,2,612.683157664246,534.5538115204441
2024-12-17 19:00:00,heating,584.3100000000001,593.0,2,593.210852842855,584.3448117141126
2024-12-17 20:00:00,heating,571.51,587.0,2,575.4569705674953,582.8407903149996
2024-12-17 21:00:00,heating,566.49,589.0,2,564.0788628840564,583.2100122987121
2024-12-17 22:00:00,heating,563.4000000000001,519.0,2,554.1371286503313,528.2458152340596
2024-12-17 23:00:00,heating,550.29,546.0,2,541.2827822543393,547.4124814296708
2024-12-18 00:00:00,heating,581.3599999999999,579.0,2,567.7236010582558,576.0458990235859
2024-12-18 01:00:00,heating,582.3,578.0,2,571.0969091365914,578.9701226378583
2024-12-18 02:00:00,heating,581.0699999999999,592.0,2,573.383165558748,588.275036574255
2024-12-18 03:00:00,heating,581.65,592.0,2,576.9091250477065,587.1456690126811
2024-12-18 04:00:00,heating,581.6899999999999,581.0,2,581.9464430694727,581.9699481509584
2024-12-18 05:00:00,heating,588.22,592.0,2,592.0604422745425,589.8525297018462
2024-12-18 06:00:00,heating,578.24,606.0,2,585.4044505219799,602.45758053942
2024-12-18 07:00:00,heating,581.91,701.0,2,589.9953730127068,686.8150909734569
2024-12-18 08:00:00,heating,587.27,726.0,2,595.7464603969069,716.563516972363
2024-12-18 09:00:00,heating,607.39,673.0,2,612.7556689404744,673.2435879453035
2024-12-18 10:00:00,heating,635.5000000000001,634.0,2,638.8774294022057,632.8617727901052
2024-12-18 11:00:00,heating,705.78,581.0,2,700.2982249183935,585.4316197267401
2024-12-18 12:00:00,heating,947.81,516.0,3,934.6104692835032,528.6216973835759
2024-12-18 13:00:00,heating,1082.7,476.0,3,1052.6237526423515,484.0990489628714
2024-12-18 14:00:00,heating,1076.44,431.0,3,1056.104802757931,438.4634178510666
2024-12-18 15:00:00,heating,1036.99,353.0,3,1030.002327187986,367.1131250988815
2024-12-18 16:00:00,heating,990.81,415.0,3,995.289482058459,410.8542655783873
2024-12-18 17:00:00,heating,961.47,461.0,3,972.3910643498768,456.6378850236683
2024-12-18 18:00:00,heating,950.39,507.0,3,958.9394163926502,503.7887373100633
2024-12-18 19:00:00,heating,940.75,535.0,3,941.0975498287336,528.9708974609955
2024-12-18 20:00:00,heating,771.0199999999999,538.0,3,789.2037121916923,534.4637949008265
2024-12-18 21:00:00,heating,569.41,507.0,2,581.447532918624,513.3505316031245
2024-12-18 22:00:00,heating,585.44,485.0,2,588.593113536425,490.8216319343064
2024-12-18 23:00:00,heating,582.3800000000001,486.0,2,580.7320957821432,490.3232486762934
2024-12-19 00:00:00,heating,577.4300000000001,481.0,2,568.8649302242845,486.2619053133956
2024-12-19 01:00:00,heating,569.03,494.0,2,554.2654710255786,495.4581288382448
2024-12-19 02:00:00,heating,560.0,498.0,2,551.3739149245846,498.1010715303498
2024-12-19 03:00:00,heating,556.9399999999999,496.0,2,554.9599711194094,496.9003619257432
2024-12-19 04:00:00,heating,551.0,496.0,2,552.2969484272259,496.5669282429784
2024-12-19 05:00:00,heating,548.1400000000001,525.0,2,552.367453601673,521.2430713306787
2024-12-19 06:00:00,heating,537.0,553.0,2,544.9368037971412,549.0220511365412
2024-12-19 07:00:00,heating,544.33,580.0,2,553.0826111816557,575.657697998807
2024-12-19 08:00:00,heating,544.05,548.0,2,555.1976013171264,549.6645180641742
2024-12-19 09:00:00,heating,566.04,526.0,2,574.0771954244008,526.8505036706542
2024-12-19 10:00:00,heating,601.0800000000002,505.0,2,605.004385901927,506.9226187719852
2024-12-19 11:00:00,heating,619.09,478.0,2,622.6358541550769,482.4245968211863
2024-12-19 12:00:00,heating,636.81,465.0,2,638.9568253985944,467.1577089103351
2024-12-19 13:00:00,heating,702.5300000000001,394.0,2,696.3271075726445,401.9555760993983
2024-12-19 14:00:00,heating,710.0099999999999,383.0,2,705.8640527271302,385.1023971781631
2024-12-19 15:00:00,heating,703.97,388.0,2,702.0575597476193,386.892180518668
2024-12-19 16:00:00,heating,684.2499999999999,420.0,2,684.192564027293,416.7188898894849
2024-12-19 17:00:00,heating,658.72,442.0,2,661.4812529804875,438.3856941619018
2024-12-19 18:00:00,heating,643.84,415.0,2,646.9376877091509,416.3877774170411
2024-12-19 19:00:00,heating,632.2199999999999,400.0,2,631.3049790214504,402.9482955076761
2024-12-19 20:00:00,heating,625.5,365.0,2,620.1311059772124,372.2446185385113
2024-12-19 21:00:00,heating,629.8299999999999,366.0,2,620.2575401598274,371.7758780815914
2024-12-19 22:00:00,heating,605.6600000000001,326.0,2,597.4749109253021,335.8114468578682
2024-12-19 23:00:00,heating,750.34,319.0,2,719.487460725908,324.77169460591284
2024-12-20 00:00:00,heating,921.07,315.0,2,870.6465320173974,319.726012901723
2024-12-20 01:00:00,heating,910.16,316.0,2,872.3316477209452,320.480098094218
2024-12-20 02:00:00,heating,909.1,315.0,2,880.2987471878355,319.5908191760081
2024-12-20 03:00:00,heating,894.4399999999999,308.0,2,878.4506162439717,311.6226729948446
2024-12-20 04:00:00,heating,898.83,316.0,2,897.6982278534273,318.2697630271813
2024-12-20 05:00:00,heating,1019.49,329.0,3,1031.528410503622,330.21605997139324
2024-12-20 06:00:00,heating,1047.98,358.0,3,1049.8447650910844,356.6599950677113
2024-12-20 07:00:00,heating,1074.81,431.0,3,1073.6784213566143,422.3636896895654
2024-12-20 08:00:00,heating,1091.7,435.0,3,1090.0688754170756,432.584451432784
2024-12-20 09:00:00,heating,1079.57,390.0,3,1080.9474223215236,394.0555061446287
2024-12-20 10:00:00,heating,1089.46,340.0,3,1089.460598974106,344.93009121283023
2024-12-20 11:00:00,heating,1050.07,365.0,3,1056.3453352681938,363.2659975718784
2024-12-20 12:00:00,heating,1064.12,339.0,3,1067.816821208494,345.2823161770971
2024-12-20 13:00:00,heating,1042.08,308.0,3,1048.397559543925,312.97893009200067
2024-12-20 14:00:00,heating,1013.89,294.0,3,1021.4522901106938,293.38692644230827
2024-12-20 15:00:00,heating,1010.6,311.0,3,1014.6904187602586,307.4689105457861
2024-12-20 16:00:00,heating,977.07,393.0,3,981.5188046863668,383.0556974843271
2024-12-20 17:00:00,heating,947.94,507.0,3,954.3054778424736,488.038822923647
2024-12-20 18:00:00,heating,763.56,483.0,3,791.032625583458,478.7970412205208
2024-12-20 19:00:00,heating,549.9499999999999,486.0,2,573.6492041934969,479.1697785095447
2024-12-20 20:00:00,heating,563.77,526.0,2,577.4699138926817,514.5920756096868
2024-12-20 21:00:00,heating,566.23,465.0,2,571.1572943059155,472.9456820007476
2024-12-20 22:00:00,heating,538.4300000000001,431.0,2,538.275686236044,437.906266814737
2024-12-20 23:00:00,heating,136.17999999999998,434.0,1,161.66449967070503,431.3555381054888
2024-12-21 00:00:00,heating,157.55,437.0,1,175.41005343412576,437.7571474089543
2024-12-21 01:00:00,heating,360.31,431.0,2,372.4427537522832,433.2801412349808
2024-12-21 02:00:00,heating,576.34,435.0,2,552.400708152227,431.6542751326723
2024-12-21 03:00:00,heating,566.32,439.0,2,544.6843086143499,436.3166192888287
2024-12-21 04:00:00,heating,557.82,433.0,2,539.1039208335976,433.1197351368885
2024-12-21 05:00:00,heating,559.28,437.0,2,556.7327176588913,435.92142246183215
2024-12-21 06:00:00,heating,567.59,436.0,2,577.9471229945291,435.3804259859208
2024-12-21 07:00:00,heating,567.2099999999999,435.0,2,585.1160539024443,435.59884309569816
2024-12-21 08:00:00,heating,566.63,444.0,2,580.0921179297791,442.541563008052
2024-12-21 09:00:00,heating,567.1300000000001,429.0,2,580.3889433234707,429.66396295548464
2024-12-21 10:00:00,heating,582.47,431.0,2,593.5880220470897,429.693588959465
2024-12-21 11:00:00,heating,589.2500000000001,419.0,2,598.5853231533092,419.056881379248
2024-12-21 12:00:00,heating,595.8100000000001,422.0,2,601.4991021019856,420.9994105330048
2024-12-21 13:00:00,heating,596.43,403.0,2,599.967813113538,404.1397375941488
2024-12-21 14:00:00,heating,601.6700000000001,386.0,2,601.3661604097077,387.3331892121838
2024-12-21 15:00:00,heating,599.72,389.0,2,598.3808642865008,388.677080240204
2024-12-21 16:00:00,heating,588.4399999999999,407.0,2,586.1756980537245,405.6982163513451
2024-12-21 17:00:00,heating,572.8000000000001,443.0,2,569.7364035910559,440.1436108036676
2024-12-21 18:00:00,heating,564.77,435.0,2,558.9585441013803,435.49320057789225
2024-12-21 19:00:00,heating,553.2199999999999,440.0,2,547.0037167129905,439.06870087750286
2024-12-21 20:00:00,heating,546.88,449.0,2,538.7960612260874,447.7711750193573
2024-12-21 21:00:00,heating,545.1,446.0,2,534.7566815958872,447.7200330241912
2024-12-21 22:00:00,heating,548.0,485.0,2,535.5858069388418,480.88351313424425
2024-12-21 23:00:00,heating,547.12,490.0,2,535.3428975184036,487.599669115338
2024-12-22 00:00:00,heating,555.0000000000001,483.0,2,544.5768771494035,483.4645543065183
2024-12-22 01:00:00,heating,553.51,489.0,2,545.1895141429536,486.7799841182487
2024-12-22 02:00:00,heating,552.3799999999999,485.0,2,547.7050998598068,484.5012722191981
2024-12-22 03:00:00,heating,557.6899999999999,475.0,2,554.6504797166315,477.0247791977949
2024-12-22 04:00:00,heating,545.38,466.0,2,546.9337237457094,466.4272067770211
2024-12-22 05:00:00,heating,542.55,476.0,2,547.366721996267,473.77505431772255
2024-12-22 06:00:00,heating,536.9399999999999,487.0,2,544.2175252712339,484.6031487599177
2024-12-22 07:00:00,heating,529.99,456.0,2,539.8133768072967,458.8311300375738
2024-12-22 08:00:00,heating,530.7399999999999,470.0,2,541.064732150325,466.8951462949698
2024-12-22 09:00:00,heating,533.99,439.0,2,543.4999979457355,440.79638977266296
2024-12-22 10:00:00,heating,557.03,486.0,2,563.3351017011123,479.6301711935106
2024-12-22 11:00:00,heating,574.75,478.0,2,578.4331356676446,475.84426410402654
2024-12-22 12:00:00,heating,588.87,461.0,2,590.8797318387703,460.4882777726602
2024-12-22 13:00:00,heating,596.46,445.0,2,597.8015789362848,443.8221568151658
2024-12-22 14:00:00,heating,598.4300000000001,433.0,2,599.8789662368331,431.9818126906359
2024-12-22 15:00:00,heating,593.88,431.0,2,596.2898195597795,432.0951659715389
2024-12-22 16:00:00,heating,596.42,442.0,2,597.1931796393885,440.3089728761937
2024-12-22 17:00:00,heating,590.3700000000001,484.0,2,590.312435892743,478.467302471872
2024-12-22 18:00:00,heating,587.4399999999999,480.0,2,584.9264833729849,479.1880064998736
2024-12-22 19:00:00,heating,580.47,480.0,2,575.8152177271991,479.2617816839594
2024-12-22 20:00:00,heating,579.6199999999999,484.0,2,573.1085075799149,482.9180931197179
2024-12-22 21:00:00,heating,574.24,487.0,2,567.2556287967122,487.7076388245932
2024-12-22 22:00:00,heating,563.35,486.0,2,556.6584798114272,488.3597382633851
2024-12-22 23:00:00,heating,566.65,478.0,2,557.1970536955132,479.8760848098766
2024-12-23 00:00:00,heating,587.36,466.0,2,576.9159920095472,469.5670463714615
2024-12-23 01:00:00,heating,593.29,453.0,2,584.634054133498,457.2515355475381
2024-12-23 02:00:00,heating,599.2700000000001,453.0,2,592.642886727953,455.80293717848986
2024-12-23 03:00:00,heating,598.16,458.0,2,594.4149412755244,459.6383276796277
2024-12-23 04:00:00,heating,605.5899999999999,463.0,2,604.3755858315053,463.7660253931091
2024-12-23 05:00:00,heating,607.5500000000001,455.0,2,609.6879949773895,456.6211384299232
2024-12-23 06:00:00,heating,603.6,477.0,2,608.6460716699291,474.3179641163071
2024-12-23 07:00:00,heating,598.42,476.0,2,606.0127865492132,475.4809469483015
2024-12-23 08:00:00,heating,596.32,509.0,2,605.3038557106147,504.3773332611596
2024-12-23 09:00:00,heating,603.96,522.0,2,612.6520723380215,517.4591136066927
2024-12-23 10:00:00,heating,602.95,527.0,2,611.927463805813,523.8346461182174
2024-12-23 11:00:00,heating,603.1300000000001,523.0,2,611.3234207623109,520.7843395583457
2024-12-23 12:00:00,heating,605.85,521.0,2,612.5205236756528,518.5601126275416
2024-12-23 13:00:00,heating,606.17,501.0,2,611.813287956282,502.38662577339954
2024-12-23 14:00:00,heating,606.65,510.0,2,610.9106854096251,507.72743647151066
2024-12-23 15:00:00,heating,596.97,525.0,2,600.5666221196732,521.3635077341787
2024-12-23 16:00:00,heating,582.3399999999999,529.0,2,585.7916883620321,527.1196118466621
2024-12-23 17:00:00,heating,574.44,550.0,2,576.3208955852697,545.7797625799578
2024-12-23 18:00:00,heating,559.02,543.0,2,560.4226107324341,541.4768875794582
2024-12-23 19:00:00,heating,548.6,543.0,2,548.4964217744073,542.6695737346415
2024-12-23 20:00:00,heating,546.72,536.0,2,543.7505977371115,536.7909035227715
2024-12-23 21:00:00,heating,547.5500000000001,547.0,2,542.3652810756878,546.3844099456252
2024-12-23 22:00:00,heating,550.9,542.0,2,544.28552448153,543.9499988663609
2024-12-23 23:00:00,heating,543.71,532.0,2,537.9341416083605,534.3096273822142
2024-12-24 00:00:00,heating,546.32,533.0,2,540.1644018563275,533.5394107815479
2024-12-24 01:00:00,heating,542.8299999999999,531.0,2,538.9249015735759,532.0672746340671
2024-12-24 02:00:00,heating,537.68,520.0,2,536.5105970332049,523.0254047119961
2024-12-24 03:00:00,heating,535.87,507.0,2,536.782639411063,509.6466906302082
2024-12-24 04:00:00,heating,537.9,519.0,2,540.1957375083782,518.2757605621865
2024-12-24 05:00:00,heating,533.17,516.0,2,538.2940212969304,517.1698005949689
2024-12-24 06:00:00,heating,525.6299999999999,529.0,2,533.1726131519322,527.9942090139151
2024-12-24 07:00:00,heating,527.77,523.0,2,535.9000636939054,522.5419199534299
2024-12-24 08:00:00,heating,527.16,536.0,2,536.3244823348782,533.6871662138046
2024-12-24 09:00:00,heating,547.37,515.0,2,553.9811605469454,516.8554685485855
2024-12-24 10:00:00,heating,570.66,518.0,2,574.1526709865491,517.6427378623343
2024-12-24 11:00:00,heating,572.1500000000001,531.0,2,576.2898299936744,528.7473289982274
2024-12-24 12:00:00,heating,561.72,521.0,2,567.8093417778821,521.6749766935466
2024-12-24 13:00:00,heating,551.98,535.0,2,559.0512551455461,532.4621207254793
2024-12-24 14:00:00,heating,556.24,522.0,2,562.1263245993161,521.3322139831881
2024-12-24 15:00:00,heating,551.53,521.0,2,556.2297346134217,521.0441610232309
2024-12-24 16:00:00,heating,554.27,531.0,2,555.1437131337543,529.4225059109696
2024-12-24 17:00:00,heating,552.1100000000001,530.0,2,550.2149324691675,530.3273079245648
2024-12-24 18:00:00,heating,558.1800000000001,521.0,2,553.1908585241417,523.1502198010949
2024-12-24 19:00:00,heating,555.23,519.0,2,549.2843926064713,519.5835422222597
2024-12-24 20:00:00,heating,556.4499999999999,513.0,2,548.8879850015715,515.1447315541867
2024-12-24 21:00:00,heating,558.39,507.0,2,549.9033533247507,510.22696991995
2024-12-24 22:00:00,heating,566.22,518.0,2,556.497616319896,518.5303885124226
2024-12-24 23:00:00,heating,571.23,523.0,2,561.80114210903,523.6718058834892
2024-12-25 00:00:00,heating,570.4399999999999,512.0,2,561.6429078674421,514.5080755687042
2024-12-25 01:00:00,heating,570.33,519.0,2,563.4711071092768,518.6096944047105
2024-12-25 02:00:00,heating,570.91,520.0,2,566.1573481248317,520.035162261656
2024-12-25 03:00:00,heating,558.7400000000001,524.0,2,558.2741745183266,524.3492618307557
2024-12-25 04:00:00,heating,557.33,515.0,2,558.7647576006241,516.0701476552788
2024-12-25 05:00:00,heating,562.2800000000001,521.0,2,564.4848456316338,519.6051034982395
2024-12-25 06:00:00,heating,560.14,534.0,2,564.3671962391797,531.7324298697121
2024-12-25 07:00:00,heating,560.25,533.0,2,565.5975578238742,531.9958690022947
2024-12-25 08:00:00,heating,570.86,522.0,2,575.2649247397362,522.1350127459441
2024-12-25 09:00:00,heating,597.4200000000001,513.0,2,599.4463756418415,512.3455720640577
2024-12-25 10:00:00,heating,599.75,511.0,2,603.0309641637928,510.4840856629445
2024-12-25 11:00:00,heating,601.63,514.0,2,605.0953785100487,513.2698576343198
2024-12-25 12:00:00,heating,601.51,514.0,2,605.2719536784393,512.85226302151
2024-12-25 13:00:00,heating,609.96,508.0,2,612.7869897705161,507.1511626320988
2024-12-25 14:00:00,heating,614.3499999999999,502.0,2,616.1980878154857,501.38173047420514
2024-12-25 15:00:00,heating,617.1500000000001,504.0,2,616.585917481799,503.0946798894422
2024-12-25 16:00:00,heating,614.6,504.0,2,612.597800868461,503.9461282009471
2024-12-25 17:00:00,heating,612.07,514.0,2,608.6037775561697,512.8800907925436
2024-12-25 18:00:00,heating,609.72,508.0,2,605.0204414957832,508.4897368580574
2024-12-25 19:00:00,heating,610.92,501.0,2,604.1870892495958,502.30557872064907
2024-12-25 20:00:00,heating,610.7,495.0,2,602.487102649375,496.582006011633
2024-12-25 21:00:00,heating,612.0900000000001,500.0,2,602.5363947239437,500.9508497280932
2024-12-25 22:00:00,heating,614.82,498.0,2,604.6917606185982,500.252893087937
2024-12-25 23:00:00,heating,616.0400000000001,497.0,2,606.2670989882934,498.6923943717471
2024-12-26 00:00:00,heating,605.2500000000001,500.0,2,598.026836071831,500.507891231385
2024-12-26 01:00:00,heating,604.28,498.0,2,598.2879214402826,499.2919059392507
2024-12-26 02:00:00,heating,604.75,501.0,2,600.3138137485785,501.7826224170344
2024-12-26 03:00:00,heating,605.07,502.0,2,602.48203544894,502.2761514987845
2024-12-26 04:00:00,heating,600.0300000000001,503.0,2,599.9279456691177,503.1556439679668
2024-12-26 05:00:00,heating,595.36,503.0,2,597.4048073396593,502.9395945623161
2024-12-26 06:00:00,heating,593.62,519.0,2,597.7475539618547,516.4523970722959
2024-12-26 07:00:00,heating,593.0799999999999,517.0,2,598.7120870952397,516.1040082174088
2024-12-26 08:00:00,heating,589.49,522.0,2,596.5736938460673,519.9774913576606
2024-12-26 09:00:00,heating,591.3500000000001,517.0,2,598.4876153077009,515.2665075595784
2024-12-26 10:00:00,heating,594.67,514.0,2,601.3999538389205,512.5964400162393
2024-12-26 11:00:00,heating,595.13,514.0,2,601.5831531173712,512.6009109986289
2024-12-26 12:00:00,heating,600.1500000000001,508.0,2,605.0395125503628,507.0451600706931
2024-12-26 13:00:00,heating,614.9,500.0,2,616.4792259206131,499.8265826694834
2024-12-26 14:00:00,heating,620.1099999999999,500.0,2,620.214353132827,498.5861259670032
2024-12-26 15:00:00,heating,620.53,501.0,2,619.4364721983488,499.8699636194583
2024-12-26 16:00:00,heating,615.09,502.0,2,613.3748388708516,501.3147245511016
2024-12-26 17:00:00,heating,609.3000000000001,513.0,2,607.1170867565863,510.8281640226784
2024-12-26 18:00:00,heating,607.76,509.0,2,604.2915841168856,508.64861641851854
2024-12-26 19:00:00,heating,605.4,505.0,2,600.214869159209,505.4220433059082
2024-12-26 20:00:00,heating,602.1700000000001,501.0,2,595.6215850813385,501.5432979533107
2024-12-26 21:00:00,heating,604.1300000000001,497.0,2,595.7838000733161,498.4008553518492
2024-12-26 22:00:00,heating,603.78,498.0,2,594.976023026097,499.3906385717353
2024-12-26 23:00:00,heating,609.51,499.0,2,600.1087393839489,499.948741677332
2024-12-27 00:00:00,heating,612.89,501.0,2,604.3717625066035,501.8201700603021
2024-12-27 01:00:00,heating,612.39,501.0,2,605.5003815711425,501.8335139564512
2024-12-27 02:00:00,heating,612.33,501.0,2,607.5433525500919,501.7399353817865
2024-12-27 03:00:00,heating,611.87,501.0,2,609.3738938385611,501.70238527474055
2024-12-27 04:00:00,heating,610.5400000000001,505.0,2,610.724663483107,504.8872961045687
2024-12-27 05:00:00,heating,610.79,506.0,2,612.9649402863513,505.9173392473865
2024-12-27 06:00:00,heating,605.09,518.0,2,609.8219015324721,516.1855432192174
2024-12-27 07:00:00,heating,599.4100000000001,519.0,2,606.3014649435331,517.7983555564168
2024-12-27 08:00:00,heating,597.6500000000001,506.0,2,605.5501308300409,506.5488135803616
2024-12-27 09:00:00,heating,602.67,499.0,2,610.2171981113363,498.6902407529752
2024-12-27 10:00:00,heating,625.0400000000001,499.0,2,629.2586117058029,497.9370508518734
2024-12-27 11:00:00,heating,648.2299999999999,484.0,2,649.0317463069521,485.62929403902245
2024-12-27 12:00:00,heating,644.6800000000001,473.0,2,646.4868397405078,473.96275671795
2024-12-27 13:00:00,heating,683.9899999999999,467.0,2,680.0249015816244,466.8379235475155
2024-12-27 14:00:00,heating,743.49,462.0,2,732.0527565575234,462.55557765131607
2024-12-27 15:00:00,heating,725.0600000000001,463.0,2,719.3099461531767,463.1264168341819
2024-12-27 16:00:00,heating,700.0699999999999,472.0,2,698.0396244918988,470.50671716729664
2024-12-27 17:00:00,heating,650.91,493.0,2,654.7886141238441,490.0151762295349
2024-12-27 18:00:00,heating,625.5,489.0,2,632.5067176119107,488.9608501796031
2024-12-27 19:00:00,heating,621.14,498.0,2,625.1126883514453,496.5041112507866
2024-12-27 20:00:00,heating,620.21,490.0,2,617.7918839600386,490.6140676614192
2024-12-27 21:00:00,heating,620.55,486.0,2,613.5540658371251,487.74173050363146
2024-12-27 22:00:00,heating,624.0400000000001,486.0,2,613.2985779233809,487.47032861127377
2024-12-27 23:00:00,heating,622.37,457.0,2,612.0466144811148,462.2352399579547
2024-12-28 00:00:00,heating,614.8599999999999,451.0,2,605.9818066559485,454.11527494049983
2024-12-28 01:00:00,heating,616.0999999999999,449.0,2,608.2935039443655,450.76465506517377
2024-12-28 02:00:00,heating,612.2,447.0,2,606.9319362364072,449.5553825834999
2024-12-28 03:00:00,heating,613.49,448.0,2,610.5535361687221,449.2702326335301
2024-12-28 04:00:00,heating,611.3,453.0,2,610.885465828344,452.2637010736115
2024-12-28 05:00:00,heating,605.8900000000001,457.0,2,608.4888858383722,456.6151979148936
2024-12-28 06:00:00,heating,600.56,456.0,2,605.840733716283,456.0269342263465
2024-12-28 07:00:00,heating,594.74,461.0,2,601.9755064610563,459.76204612661854
2024-12-28 08:00:00,heating,589.07,368.0,2,597.9172860126098,379.8701822572801
2024-12-28 09:00:00,heating,587.7299999999999,341.0,2,596.7164834863493,347.1569511329489
2024-12-28 10:00:00,heating,608.59,332.0,2,614.0518043244417,335.51847138470987
2024-12-28 11:00:00,heating,617.95,332.0,2,621.9829021608607,336.6479198091886
2024-12-28 12:00:00,heating,623.0500000000001,328.0,2,625.9638595971157,330.73351047378736
2024-12-28 13:00:00,heating,629.2099999999999,323.0,2,630.7270537215556,321.9731327208538
2024-12-28 14:00:00,heating,636.92,319.0,2,637.2067037055508,319.88107964959784
2024-12-28 15:00:00,heating,629.8199999999999,352.0,2,630.7587769796287,348.70336353782227
2024-12-28 16:00:00,heating,614.86,390.0,2,615.8980946259207,385.2878925233203
2024-12-28 17:00:00,heating,612.22,396.0,2,610.9557057112847,394.7710436313665
2024-12-28 18:00:00,heating,600.43,395.0,2,598.6357740466347,393.8759126071743
2024-12-28 19:00:00,heating,589.92,406.0,2,587.0601084740135,403.6467360155169
2024-12-28 20:00:00,heating,580.4499999999999,409.0,2,575.8071129202604,409.7301120946926
2024-12-28 21:00:00,heating,575.62,412.0,2,569.3629497754273,413.1986808472834
2024-12-28 22:00:00,heating,572.12,415.0,2,565.089325961683,414.8322228126659
2024-12-28 23:00:00,heating,574.3699999999999,410.0,2,566.0401134032993,410.7590759546847
2024-12-29 00:00:00,heating,579.87,390.0,2,571.5304030072957,393.7483002911321
2024-12-29 01:00:00,heating,569.6300000000001,404.0,2,564.087024562732,403.4137278496408
2024-12-29 02:00:00,heating,565.0999999999999,412.0,2,561.8008011047366,411.6379202298091
2024-12-29 03:00:00,heating,562.0899999999999,403.0,2,561.1955869913184,404.9741569142034
2024-12-29 04:00:00,heating,561.1899999999999,407.0,2,562.6973126285645,406.0429663438616
2024-12-29 05:00:00,heating,558.4000000000001,407.0,2,562.0405738347301,405.82945872552807
2024-12-29 06:00:00,heating,557.07,396.0,2,561.9692585489345,397.7429931715964
2024-12-29 07:00:00,heating,561.9499999999999,409.0,2,567.5191383878459,406.9260260719074
2024-12-29 08:00:00,heating,567.4799999999999,395.0,2,573.4596730533069,394.6309792180785
2024-12-29 09:00:00,heating,573.37,399.0,2,579.4304079496812,397.1189385677274
2024-12-29 10:00:00,heating,594.83,399.0,2,598.3657353835458,396.46089491281975
2024-12-29 11:00:00,heating,613.63,388.0,2,615.3267363153025,387.4071414717522
2024-12-29 12:00:00,heating,621.8800000000001,372.0,2,623.2543367947073,372.7412391534687
2024-12-29 13:00:00,heating,630.6100000000001,369.0,2,631.1556595394584,367.8384655773269
2024-12-29 14:00:00,heating,646.9599999999999,362.0,2,645.5118010223705,362.5184439711721
2024-12-29 15:00:00,heating,639.08,364.0,2,639.1358136619203,364.0311852207839
2024-12-29 16:00:00,heating,627.4000000000001,378.0,2,627.7935781214408,376.1045422540392
2024-12-29 17:00:00,heating,608.6700000000001,396.0,2,609.354586143797,393.4948402419714
2024-12-29 18:00:00,heating,593.04,393.0,2,593.4365566924187,393.2978303922752
2024-12-29 19:00:00,heating,595.9499999999999,404.0,2,592.8255460773817,402.6607905775825
2024-12-29 20:00:00,heating,592.66,405.0,2,586.6226208465328,405.171266120131
2024-12-29 21:00:00,heating,583.54,406.0,2,576.4164237250832,407.5732772513261
2024-12-29 22:00:00,heating,581.5099999999999,409.0,2,572.7767683720567,410.2312914254499
2024-12-29 23:00:00,heating,579.61,405.0,2,570.9808101023345,406.6307374522837
2024-12-30 00:00:00,heating,573.31,416.0,2,568.3644891529677,416.7655839365707
2024-12-30 01:00:00,heating,568.5600000000001,407.0,2,564.9390675359793,409.7736997144327
2024-12-30 02:00:00,heating,552.85,416.0,2,552.6988307207987,416.8237089013055
2024-12-30 03:00:00,heating,549.37,412.0,2,551.313615029618,413.5944879289906
2024-12-30 04:00:00,heating,545.2800000000001,412.0,2,549.3240817319513,413.4604052655991
2024-12-30 05:00:00,heating,542.94,418.0,2,548.6971944180625,418.2997905265336
2024-12-30 06:00:00,heating,539.78,422.0,2,547.1102455405353,421.7123611291809
2024-12-30 07:00:00,heating,535.65,418.0,2,544.3369335620612,419.027593908665
2024-12-30 08:00:00,heating,531.4300000000001,413.0,2,541.8324663566711,412.7462008969168
2024-12-30 09:00:00,heating,554.89,412.0,2,562.2181983983317,411.1693471909385
2024-12-30 10:00:00,heating,583.5799999999999,422.0,2,587.6108962123972,419.83094860636953
2024-12-30 11:00:00,heating,610.9799999999999,416.0,2,612.1035489037508,415.402266959647
2024-12-30 12:00:00,heating,622.96,405.0,2,623.5001258689579,404.837496463148
2024-12-30 13:00:00,heating,629.6999999999999,377.0,2,630.6372907686348,379.2436830147186
2024-12-30 14:00:00,heating,649.76,374.0,2,649.5234167063602,374.4774302174967
2024-12-30 15:00:00,heating,646.24,373.0,2,647.3226345302776,374.0514584287437
2024-12-30 16:00:00,heating,635.75,382.0,2,637.5592609489959,382.208855015327
2024-12-30 17:00:00,heating,615.6,387.0,2,618.0663269847196,386.8939660719884
2024-12-30 18:00:00,heating,600.3,413.0,2,602.4551986581141,409.5202200134257
2024-12-30 19:00:00,heating,585.09,412.0,2,586.7092671151747,412.3382907525591
2024-12-30 20:00:00,heating,582.2,409.0,2,580.1653256550226,410.38688283901786
2024-12-30 21:00:00,heating,578.14,416.0,2,573.3573392781914,416.1676733386618
2024-12-30 22:00:00,heating,576.1400000000001,424.0,2,569.2836234864192,424.74340486038784
2024-12-30 23:00:00,heating,571.54,420.0,2,564.4881157970829,422.9501198063261
2024-12-31 00:00:00,heating,567.07,422.0,2,560.041330675162,422.8626779646688
2024-12-31 01:00:00,heating,561.06,421.0,2,556.135208418174,422.0612302748043
2024-12-31 02:00:00,heating,545.96,413.0,2,544.5491335825493,415.7670358139168
2024-12-31 03:00:00,heating,545.2800000000001,408.0,2,545.3902686050483,410.178863549826
2024-12-31 04:00:00,heating,541.31,420.0,2,543.6257871352318,419.4029872050739
2024-12-31 05:00:00,heating,537.2800000000001,425.0,2,541.8446310917636,424.9973561226503
2024-12-31 06:00:00,heating,535.3299999999999,435.0,2,541.3249819149921,433.59913749631664
2024-12-31 07:00:00,heating,539.8299999999999,431.0,2,546.2238260147135,430.18633780984726
2024-12-31 08:00:00,heating,533.43,424.0,2,542.3030566350367,423.755231415907
2024-12-31 09:00:00,heating,537.9599999999999,420.0,2,546.7214046106535,419.80807451958736
2024-12-31 10:00:00,heating,562.6899999999999,410.0,2,568.2145423348836,410.844882927519
2024-12-31 11:00:00,heating,581.76,460.0,2,585.4193501362001,452.8740484855855
2024-12-31 12:00:00,heating,619.8700000000001,445.0,2,618.5425447624332,444.1336886871587
2024-12-31 13:00:00,heating,626.7800000000001,424.0,2,625.3409802794406,424.80127746482935
2024-12-31 14:00:00,heating,650.1600000000001,415.0,2,646.7093205967897,413.3376430128244
2024-12-31 15:00:00,heating,659.9200000000001,419.0,2,656.376927279611,417.8836370185286
2024-12-31 16:00:00,heating,676.75,434.0,2,671.3415357407421,433.712996591149
2024-12-31 17:00:00,heating,638.26,437.0,2,638.8592487590836,435.7536266049317
2024-12-31 18:00:00,heating,619.7099999999999,457.0,2,620.4430860488146,453.32440150849936
2024-12-31 19:00:00,heating,605.58,460.0,2,606.1954952644737,458.4743056530012
2024-12-31 20:00:00,heating,602.79,466.0,2,601.0023822968267,465.25021411948126
2024-12-31 21:00:00,heating,590.9999999999999,473.0,2,587.7031205174474,472.1667773225117
2024-12-31 22:00:00,heating,579.61,469.0,2,573.7282330714104,469.94940629634505
2024-12-31 23:00:00,heating,569.9200000000001,478.0,2,564.1190692582795,477.96345165291024
